セグメント,会社名（正式）,会社名（略称）,理由,商談件数,受注件数,最大受注額,最終接点日,取引ステータス,業種
A,株式会社和合コンサルタント,和合コンサルタント,"受注あり + 高単価（最大4,500,000円）",0,1,"4,500,000",,取引中,建設コンサル
A,ダイシンコンサルタント 株式会社,ダイシンコンサルタント 株式会社,"受注あり + 高単価（最大2,454,000円） / リピーター（受注3件）",0,3,"2,454,000",,未接触,"測量会社, 建設コンサル"
A,株式会社 アクト,株式会社 アクト,"受注実績あり（1件, 最大125,909円）",0,1,"125,909",2023-09-12,未接触,測量会社
A,太平産業株式会社,太平産業株式会社,"受注実績あり（1件, 最大393,000円）",1,1,"393,000",2025-11-06,見込み,
A,名工建設,名工建設,"受注実績あり（1件, 最大30,000円）",3,1,"30,000",2025-10-02,見込み,
A,清水建設,清水建設,"受注あり + 高単価（最大500,000円） / リピーター（受注2件）",3,2,"500,000",2025-09-19,見込み,
A,名工建設or鈴中工業,名工建設or鈴中工業,"受注実績あり（1件, 最大30,000円）",1,1,"30,000",2025-09-05,見込み,
A,前田建設,前田建設,受注あり + リピーター（受注6件）,1,6,"200,000",2025-08-26,見込み,
A,前田建設工業株式会社,前田建設工業株式会社,受注あり + リピーター（受注6件）,1,6,"200,000",2025-08-22,見込み,
A,東急建設,東急建設,"受注あり + 高単価（最大500,000円）",1,1,"500,000",2025-08-01,見込み,
B,アマノコンサルタント 株式会社,アマノコンサルタント 株式会社,"商談あり（ステージ: ヒアリング, 未受注）",1,0,,2026-02-20,未接触,建設コンサル
B,アローコンサルタント 株式会社,アローコンサルタント 株式会社,"商談あり（ステージ: 不在, 未受注）",1,0,,2026-02-24,未接触,建設コンサル
B,イッセイコンサルタント 株式会社,イッセイコンサルタント 株式会社,"商談あり（ステージ: 不在, 未受注）",1,0,,2026-03-04,未接触,"測量会社, 建設コンサル"
B,コムワークスエンジニアリング 株式会社,コムワークスエンジニアリング 株式会社,"商談あり（ステージ: ヒアリング, 未受注）",1,0,,2026-03-03,未接触,測量会社
B,ナカシャクリエイテブ 株式会社,ナカシャクリエイテブ 株式会社,"商談あり（ステージ: 不在, 未受注）",1,0,,2026-03-03,未接触,測量会社
B,ニチイコンサルタント 株式会社,ニチイコンサルタント 株式会社,"商談あり（ステージ: None, 未受注）",1,0,,2025-12-05,未接触,"測量会社, 建設コンサル"
B,三協調査設計 株式会社,三協調査設計 株式会社,"商談あり（ステージ: None, 未受注）",1,0,,2025-12-05,未接触,測量会社
B,三重測量設計 株式会社,三重測量設計 株式会社,"商談あり（ステージ: None, 未受注）",2,0,,2026-01-23,未接触,"測量会社, 建設コンサル"
B,三重県森林組合連合会,三重県森林組合連合会,"商談あり（ステージ: ヒアリング, 未受注）",1,0,,2026-03-06,未接触,測量会社
B,中部復建 株式会社,中部復建 株式会社,"商談あり（ステージ: 不在, 未受注）",1,0,,2026-03-03,未接触,測量会社
B,丸栄調査設計 株式会社,丸栄調査設計 株式会社,"商談あり（ステージ: ヒアリング, 未受注）",3,0,,2026-03-06,未接触,建設コンサル
B,信栄測量設計 株式会社,信栄測量設計 株式会社,"商談あり（ステージ: ヒアリング, 未受注）",1,0,,2026-02-20,未接触,"測量会社, 建設コンサル"
B,加藤コンサルタント 株式会社,加藤コンサルタント 株式会社,"商談あり（ステージ: ヒアリング, 未受注）",1,0,,2025-11-20,未接触,"測量会社, 建設コンサル"
B,南海カツマ 株式会社,南海カツマ 株式会社,"商談あり（ステージ: 不在, 未受注）",2,0,,2026-02-13,未接触,"測量会社, 建設コンサル"
B,司開発 株式会社,司開発 株式会社,"商談あり（ステージ: 不在, 未受注）",1,0,,2026-02-20,未接触,"測量会社, 建設コンサル"
B,土屋産業 株式会社,土屋産業 株式会社,"商談あり（ステージ: リード獲得, 未受注）",1,0,,2025-10-14,未接触,建設コンサル
B,大日コンサルタント 株式会社,大日コンサルタント 株式会社,"商談あり（ステージ: 不在, 未受注）",2,0,,2026-01-29,未接触,測量会社
B,太栄コンサルタンツ 株式会社,太栄コンサルタンツ 株式会社,"商談あり（ステージ: None, 未受注）",1,0,,2025-12-05,未接触,"測量会社, 建設コンサル"
B,岐阜県土地改良事業団体連合会,岐阜県土地改良事業団体連合会,"商談あり（ステージ: ヒアリング, 未受注）",1,0,,2026-03-13,未接触,建設コンサル
B,岡本測量設計 株式会社,岡本測量設計 株式会社,"商談あり（ステージ: 不在, 未受注）",1,0,,2026-02-27,未接触,建設コンサル
B,愛徳コンサルタント 株式会社,愛徳コンサルタント 株式会社,"商談あり（ステージ: 不在, 未受注）",1,0,,2026-01-15,未接触,測量会社
B,早川都市計画 株式会社,早川都市計画 株式会社,"商談あり（ステージ: ヒアリング, 未受注）",1,0,,2026-03-04,未接触,"測量会社, 建設コンサル"
B,東海測量 株式会社,東海測量 株式会社,"商談あり（ステージ: 不在, 未受注）",1,0,,2026-02-26,未接触,測量会社
B,松岡測量設計 株式会社,松岡測量設計 株式会社,"商談あり（ステージ: None, 未受注）",2,0,,2026-02-17,未接触,"測量会社, 建設コンサル"
B,株式会社 アイエスシイ,株式会社 アイエスシイ,"商談あり（ステージ: 不在, 未受注）",1,0,,2026-03-03,未接触,建設コンサル
B,株式会社 アイコ,株式会社 アイコ,"商談あり（ステージ: ヒアリング, 未受注）",1,0,,2026-03-04,未接触,建設コンサル
B,株式会社 サニー設計事務所,株式会社 サニー設計事務所,"商談あり（ステージ: None, 未受注）",2,0,,2025-12-02,接触済,測量会社
B,株式会社 サンクリエイト,株式会社 サンクリエイト,"商談あり（ステージ: ヒアリング, 未受注）",1,0,,2026-02-20,未接触,"測量会社, 建設コンサル"
B,株式会社 シーエス,株式会社 シーエス,"商談あり（ステージ: 不在, 未受注）",2,0,,2026-03-10,未接触,測量会社
B,株式会社 ジオ,株式会社 ジオ,"商談あり（ステージ: 不在, 未受注）",2,0,,2026-03-10,未接触,建設コンサル
B,株式会社 ジオフォーラム,株式会社 ジオフォーラム,"商談あり（ステージ: ヒアリング, 未受注）",1,0,,2026-03-06,未接触,測量会社
B,株式会社 ダイム技術サービス,株式会社 ダイム技術サービス,"商談あり（ステージ: ヒアリング, 未受注）",1,0,,2026-03-04,未接触,建設コンサル
B,株式会社 ナガサクコンサルタント,株式会社 ナガサクコンサルタント,"商談あり（ステージ: ヒアリング, 未受注）",3,0,,2026-03-06,未接触,"測量会社, 建設コンサル"
B,株式会社 プラスデザイン,株式会社 プラスデザイン,"商談あり（ステージ: ヒアリング, 未受注）",1,0,,2026-02-27,未接触,"測量会社, 建設コンサル"
B,株式会社 メイホーエンジニアリング,株式会社 メイホーエンジニアリング,"商談あり（ステージ: 不在, 未受注）",1,0,,2026-03-13,未接触,測量会社
B,株式会社 ユニオン,株式会社 ユニオン,"商談あり（ステージ: ヒアリング, 未受注）",1,0,,2026-03-13,未接触,測量会社
B,株式会社 中測技研,株式会社 中測技研,"商談あり（ステージ: 不在, 未受注）",1,0,,2026-03-12,未接触,測量会社
B,株式会社 中部テクノス,株式会社 中部テクノス,"商談あり（ステージ: None, 未受注）",1,0,,2025-12-02,未接触,建設コンサル
B,株式会社 二友組,株式会社 二友組,"商談あり（ステージ: None, 未受注）",1,0,,2025-12-02,未接触,"測量会社, 建設コンサル"
B,株式会社 信榮企画,株式会社 信榮企画,"商談あり（ステージ: ヒアリング, 未受注）",1,0,,2026-03-06,未接触,"測量会社, 建設コンサル"
B,株式会社 共同技術コンサルタント,株式会社 共同技術コンサルタント,"商談あり（ステージ: ヒアリング, 未受注）",1,0,,2026-02-20,未接触,"測量会社, 建設コンサル"
B,株式会社 名邦テクノ,株式会社 名邦テクノ,"商談あり（ステージ: None, 未受注）",2,0,,2026-03-12,未接触,"測量会社, 建設コンサル"
B,株式会社 大増コンサルタンツ,株式会社 大増コンサルタンツ,"商談あり（ステージ: ヒアリング, 未受注）",1,0,,2026-02-05,未接触,"測量会社, 建設コンサル"
B,株式会社 富士測量,株式会社 富士測量,"商談あり（ステージ: 不在, 未受注）",2,0,,2026-02-06,未接触,測量会社
B,株式会社 富士測量事務所,株式会社 富士測量事務所,"商談あり（ステージ: 不在, 未受注）",2,0,,2026-02-06,未接触,"測量会社, 建設コンサル"
B,株式会社 小嶋コンサルタント,株式会社 小嶋コンサルタント,"商談あり（ステージ: ヒアリング, 未受注）",1,0,,2026-02-20,未接触,"測量会社, 建設コンサル"
B,株式会社 山川測量設計コンサル,株式会社 山川測量設計コンサル,"商談あり（ステージ: ヒアリング, 未受注）",1,0,,2026-01-16,未接触,建設コンサル
B,株式会社 川崎測量,株式会社 川崎測量,"商談あり（ステージ: ヒアリング, 未受注）",2,0,,2026-02-27,未接触,"測量会社, 建設コンサル"
B,株式会社 愛河調査設計,株式会社 愛河調査設計,"商談あり（ステージ: リード獲得, 未受注）",1,0,,2025-11-25,未接触,"測量会社, 建設コンサル"
B,株式会社 新日,株式会社 新日,"商談あり（ステージ: None, 未受注）",1,0,,2025-11-17,未接触,建設コンサル
B,株式会社 朝日設計事務所,株式会社 朝日設計事務所,"商談あり（ステージ: None, 未受注）",1,0,,2025-12-02,未接触,"測量会社, 建設コンサル"
B,株式会社 東光測量設計事務所,株式会社 東光測量設計事務所,"商談あり（ステージ: 不在, 未受注）",1,0,,2026-03-06,未接触,測量会社
B,株式会社 東海建設コンサルタント,株式会社 東海建設コンサルタント,"商談あり（ステージ: ヒアリング, 未受注）",2,0,,2025-09-29,未接触,"測量会社, 建設コンサル"
B,株式会社 松阪コンサルタント,株式会社 松阪コンサルタント,"商談あり（ステージ: ヒアリング, 未受注）",1,0,,2026-03-06,未接触,"測量会社, 建設コンサル"
B,株式会社 梶川土木コンサルタント,株式会社 梶川土木コンサルタント,"商談あり（ステージ: ヒアリング, 未受注）",1,0,,2026-01-15,未接触,"測量会社, 建設コンサル"
B,株式会社 興栄コンサルタント,株式会社 興栄コンサルタント,"商談あり（ステージ: ヒアリング, 未受注）",1,0,,2026-03-13,未接触,測量会社
B,株式会社 若鈴,株式会社 若鈴,"商談あり（ステージ: ヒアリング, 未受注）",1,0,,2026-02-17,未接触,"測量会社, 建設コンサル"
B,株式会社 見取コンサルタント,株式会社 見取コンサルタント,"商談あり（ステージ: ヒアリング, 未受注）",2,0,,2026-03-10,未接触,"測量会社, 建設コンサル"
B,矢作建設工業 株式会社,矢作建設工業 株式会社,"商談あり（ステージ: ヒアリング, 未受注）",2,0,,2025-10-08,未接触,建設コンサル
B,福道建設 株式会社,福道建設 株式会社,"商談あり（ステージ: ヒアリング, 未受注）",1,0,,2026-02-27,未接触,測量会社
B,葵コンサルタント 株式会社,葵コンサルタント 株式会社,"商談あり（ステージ: 不在, 未受注）",2,0,,2026-02-20,未接触,"測量会社, 建設コンサル"
B,日本通運株式会社,日本通運株式会社,"商談あり（ステージ: ヒアリング, 未受注）",4,0,,2026-02-12,見込み,
B,NX商事株式会社,NX商事株式会社,"商談あり（ステージ: ヒアリング, 未受注）",2,0,,2026-01-07,見込み,
B,西尾レントオール三重営業所,西尾レントオール三重営業所,"商談あり（ステージ: リード獲得, 未受注）",1,0,,2025-12-26,見込み,
B,有限会社トプラス,有限会社トプラス,"商談あり（ステージ: リード獲得, 未受注）",2,0,,2026-01-30,見込み,
B,株式会社 院南組,株式会社 院南組,"商談あり（ステージ: リード獲得, 未受注）",2,0,,2025-12-12,見込み,
B,株式会社 杉本組,株式会社 杉本組,"商談あり（ステージ: リード獲得, 未受注）",1,0,,2025-12-12,見込み,
B,朝日土木株式会社,朝日土木株式会社,"商談あり（ステージ: ヒアリング, 未受注）",3,0,,2026-03-10,見込み,
B,株式会社カナモト,株式会社カナモト,"商談あり（ステージ: ヒアリング, 未受注）",2,0,,2026-02-12,見込み,
B,コベルコ建機日本株式会社,コベルコ建機日本株式会社,"商談あり（ステージ: ヒアリング, 未受注）",2,0,,2025-12-11,見込み,
B,太陽建機レンタル株式会社,太陽建機レンタル株式会社,"商談あり（ステージ: ヒアリング, 未受注）",2,0,,2026-03-10,見込み,
B,住友建機販売株式会社,住友建機販売株式会社,"商談あり（ステージ: リード獲得, 未受注）",1,0,,2025-12-11,見込み,
B,林建設株式会社,林建設株式会社,"商談あり（ステージ: ヒアリング, 未受注）",1,0,,2025-12-08,見込み,
B,株式会社山口土木,株式会社山口土木,"商談あり（ステージ: ヒアリング, 未受注）",1,0,,2025-12-08,見込み,
B,小原建設株式会社,小原建設株式会社,"商談あり（ステージ: ヒアリング, 未受注）",1,0,,2025-12-08,見込み,
B,角文株式会社,角文株式会社,"商談あり（ステージ: ヒアリング, 未受注）",2,0,,2025-12-08,見込み,
B,株式会社平成建設,株式会社平成建設,"商談あり（ステージ: ヒアリング, 未受注）",1,0,,2025-12-08,見込み,
B,安山建設株式会社,安山建設株式会社,"商談あり（ステージ: ヒアリング, 未受注）",1,0,,2025-12-08,見込み,
B,ミライリスホールディングス株式会社（松岡建機）,ミライリスホールディングス株式会社（松岡建機）,"商談あり（ステージ: ヒアリング, 未受注）",1,0,,2025-12-05,見込み,
B,株式会社日建技術コンサルタント,株式会社日建技術コンサルタント,"商談あり（ステージ: ヒアリング, 未受注）",1,0,,2025-12-05,見込み,
B,株式会社アルファー,株式会社アルファー,"商談あり（ステージ: ヒアリング, 未受注）",1,0,,2025-12-05,見込み,
B,中央産商株式会社 中河原営業所,中央産商株式会社 中河原営業所,"商談あり（ステージ: ヒアリング, 未受注）",1,0,,2025-12-05,見込み,
B,中央産商株式会社 本社,中央産商株式会社 本社,"商談あり（ステージ: ヒアリング, 未受注）",1,0,,2025-12-05,見込み,
B,松阪興産株式会社,松阪興産株式会社,"商談あり（ステージ: リード獲得, 未受注）",1,0,,2025-12-05,見込み,
B,株式会社北村組,株式会社北村組,"商談あり（ステージ: リード獲得, 未受注）",6,0,,2026-02-13,見込み,
B,株式会社キナンICT事業部,株式会社キナンICT事業部,"商談あり（ステージ: リード獲得, 未受注）",3,0,,2026-03-06,見込み,
B,株式会社キナン津営業所,株式会社キナン津営業所,"商談あり（ステージ: ヒアリング, 未受注）",1,0,,2025-12-05,見込み,
B,株式会社ビジュアルシステムズ,株式会社ビジュアルシステムズ,"商談あり（ステージ: リード獲得, 未受注）",1,0,,2025-12-02,見込み,
B,株式会社ダイセン,株式会社ダイセン,"商談あり（ステージ: リード獲得, 未受注）",1,0,,2025-11-14,見込み,
B,協和調査設計株式会社,協和調査設計株式会社,"商談あり（ステージ: ヒアリング, 未受注）",1,0,,2025-11-17,見込み,
B,松尾建設株式会社,松尾建設株式会社,"商談あり（ステージ: ヒアリング, 未受注）",1,0,,2025-11-25,見込み,
B,株式会社整備工場東海,株式会社整備工場東海,"商談あり（ステージ: ヒアリング, 未受注）",1,0,,2025-11-28,見込み,
B,株式会社久志本組,株式会社久志本組,"商談あり（ステージ: リード獲得, 未受注）",2,0,,2026-01-23,見込み,
B,信藤建設株式会社,信藤建設株式会社,"商談あり（ステージ: リード獲得, 未受注）",1,0,,2025-11-28,見込み,
B,サンコーテック株式会社,サンコーテック株式会社,"商談あり（ステージ: リード獲得, 未受注）",1,0,,2025-11-28,見込み,
B,株式会社冨田土木,株式会社冨田土木,"商談あり（ステージ: リード獲得, 未受注）",1,0,,2025-11-25,見込み,
B,高昇建業,高昇建業,"商談あり（ステージ: リード獲得, 未受注）",1,0,,2025-11-25,見込み,
B,三有技建,三有技建,"商談あり（ステージ: リード獲得, 未受注）",1,0,,2025-11-25,見込み,
B,株式会社takac,株式会社takac,"商談あり（ステージ: リード獲得, 未受注）",1,0,,2025-11-21,見込み,
B,丸亀産業株式会社,丸亀産業株式会社,"商談あり（ステージ: リード獲得, 未受注）",2,0,,2026-02-13,見込み,
B,TSUCHIYA CORPORATION,TSUCHIYA CORPORATION,"商談あり（ステージ: ヒアリング, 未受注）",1,0,,2025-11-20,見込み,
B,太榮コンサルタンツ株式会社,太榮コンサルタンツ株式会社,"商談あり（ステージ: ヒアリング, 未受注）",1,0,,2025-11-20,見込み,
B,株式会社平成建設ドローンリサーチ,株式会社平成建設ドローンリサーチ,"商談あり（ステージ: リード獲得, 未受注）",1,0,,2025-11-17,見込み,
B,株式会社サンキ,株式会社サンキ,"商談あり（ステージ: ヒアリング, 未受注）",2,0,,2026-02-17,見込み,
B,株式会社野名組砕石,株式会社野名組砕石,"商談あり（ステージ: リード獲得, 未受注）",1,0,,2025-11-14,見込み,
B,鶴田石材株式会社,鶴田石材株式会社,"商談あり（ステージ: ヒアリング, 未受注）",1,0,,2025-11-14,見込み,
B,株式会社キムラ,株式会社キムラ,"商談あり（ステージ: ヒアリング, 未受注）",1,0,,2025-11-14,見込み,
B,丸上建設,丸上建設,"商談あり（ステージ: ヒアリング, 未受注）",1,0,,2025-11-11,見込み,
B,毛受建材,毛受建材,"商談あり（ステージ: ヒアリング, 未受注）",1,0,,2025-11-11,見込み,
B,沖土木建設株式会社,沖土木建設株式会社,"商談あり（ステージ: ヒアリング, 未受注）",1,0,,2025-11-11,見込み,
B,有限会社吉田建材,有限会社吉田建材,"商談あり（ステージ: ヒアリング, 未受注）",1,0,,2025-11-11,見込み,
B,株式会社オオバ 名古屋支店,株式会社オオバ 名古屋支店,"商談あり（ステージ: ヒアリング, 未受注）",1,0,,2025-11-06,見込み,
B,株式会社 インシーク三重営業所,株式会社 インシーク三重営業所,"商談あり（ステージ: リード獲得, 未受注）",1,0,,2025-11-06,見込み,
B,株式会社パスコ 三重支店,株式会社パスコ 三重支店,"商談あり（ステージ: リード獲得, 未受注）",1,0,,2025-11-06,見込み,
B,国際航業株式会社三重営業所,国際航業株式会社三重営業所,"商談あり（ステージ: リード獲得, 未受注）",1,0,,2025-11-06,見込み,
B,太啓建設株式会社,太啓建設株式会社,"商談あり（ステージ: ヒアリング, 未受注）",1,0,,2025-10-31,見込み,
B,有限会社 小林組,有限会社 小林組,"商談あり（ステージ: ヒアリング, 未受注）",1,0,,2025-10-31,見込み,
B,大平工業株式会社,大平工業株式会社,"商談あり（ステージ: ヒアリング, 未受注）",1,0,,2025-10-31,見込み,
B,株式会社 三和工務店,株式会社 三和工務店,"商談あり（ステージ: リード獲得, 未受注）",1,0,,2025-10-31,見込み,
B,大平産業株式会社,大平産業株式会社,"商談あり（ステージ: リード獲得, 未受注）",1,0,,2025-10-31,見込み,
B,株式会社ガイアート,株式会社ガイアート,"商談あり（ステージ: ヒアリング, 未受注）",1,0,,2025-10-24,見込み,
B,中部コールセンター株式会社,中部コールセンター株式会社,"商談あり（ステージ: リード獲得, 未受注）",1,0,,2025-10-24,見込み,
B,高砂建設株式会社,高砂建設株式会社,"商談あり（ステージ: ヒアリング, 未受注）",1,0,,2025-10-24,見込み,
B,東邦池水株式会社,東邦池水株式会社,"商談あり（ステージ: ヒアリング, 未受注）",1,0,,2025-10-24,見込み,
B,大有コンクリート工業 猿投工場,大有コンクリート工業 猿投工場,"商談あり（ステージ: ヒアリング, 未受注）",1,0,,2025-10-20,見込み,
B,豊田鉱産株式会社,豊田鉱産株式会社,"商談あり（ステージ: ヒアリング, 未受注）",1,0,,2025-10-20,見込み,
B,矢野建設株式会社,矢野建設株式会社,"商談あり（ステージ: ヒアリング, 未受注）",3,0,,2025-10-20,見込み,
B,株式会社松尾グロッサ,株式会社松尾グロッサ,"商談あり（ステージ: ヒアリング, 未受注）",1,0,,2025-10-20,見込み,
B,三和建設,三和建設,"商談あり（ステージ: ヒアリング, 未受注）",1,0,,2025-10-14,見込み,
B,新陽工業,新陽工業,"商談あり（ステージ: リード獲得, 未受注）",1,0,,2025-10-09,見込み,
B,株式会社ナガシマ,株式会社ナガシマ,"商談あり（ステージ: ヒアリング, 未受注）",1,0,,2025-10-09,見込み,
B,青木あすなろ、松岡特定建設共同体,青木あすなろ、松岡特定建設共同体,"商談あり（ステージ: リード獲得, 未受注）",1,0,,2025-10-09,見込み,
B,愛幸建設,愛幸建設,"商談あり（ステージ: ヒアリング, 未受注）",1,0,,2025-10-09,見込み,
B,青木あすなろ・松岡特定建設工事共同事業体,青木あすなろ・松岡特定建設工事共同事業体,"商談あり（ステージ: ヒアリング, 未受注）",1,0,,2025-10-08,見込み,
B,大林組,大林組,"商談あり（ステージ: ヒアリング, 未受注）",9,0,,2025-10-08,見込み,
B,相澤建設株式会社,相澤建設株式会社,"商談あり（ステージ: ヒアリング, 未受注）",1,0,,2025-10-07,見込み,
B,音羽開発株式会社,音羽開発株式会社,"商談あり（ステージ: ヒアリング, 未受注）",1,0,,2025-10-07,見込み,
B,鹿島・竹中・朝日阿知和工業団地JV,鹿島・竹中・朝日阿知和工業団地JV,"商談あり（ステージ: ヒアリング, 未受注）",1,0,,2025-10-07,見込み,
B,山﨑建設株式会社,山﨑建設株式会社,"商談あり（ステージ: ヒアリング, 未受注）",1,0,,2025-10-07,見込み,
B,清水土建,清水土建,"商談あり（ステージ: ヒアリング, 未受注）",1,0,,2025-10-07,見込み,
B,三重農林建設株式会社,三重農林建設株式会社,"商談あり（ステージ: ヒアリング, 未受注）",1,0,,2025-10-02,見込み,
B,株式会社フソウ,株式会社フソウ,"商談あり（ステージ: ヒアリング, 未受注）",1,0,,2025-10-02,見込み,
B,昭和コンクリート株式会社,昭和コンクリート株式会社,"商談あり（ステージ: リード獲得, 未受注）",2,0,,2026-02-06,見込み,
B,株式会社 横河ブリッジ,株式会社 横河ブリッジ,"商談あり（ステージ: ヒアリング, 未受注）",2,0,,2025-10-02,見込み,
B,銭高組,銭高組,"商談あり（ステージ: ヒアリング, 未受注）",1,0,,2025-10-02,見込み,
B,日本国土開発株式会社 名古屋支店,日本国土開発株式会社 名古屋支店,"商談あり（ステージ: ヒアリング, 未受注）",1,0,,2025-10-02,見込み,
B,鴻池組,鴻池組,"商談あり（ステージ: リード獲得, 未受注）",3,0,,2025-10-02,見込み,
B,西松建設株式会社,西松建設株式会社,"商談あり（ステージ: ヒアリング, 未受注）",1,0,,2025-10-02,見込み,
B,生川建設株式会社,生川建設株式会社,"商談あり（ステージ: ヒアリング, 未受注）",3,0,,2026-03-10,見込み,
B,株式会社丸中組,株式会社丸中組,"商談あり（ステージ: ヒアリング, 未受注）",1,0,,2025-09-30,見込み,
B,大和ハウス工業,大和ハウス工業,"商談あり（ステージ: ヒアリング, 未受注）",1,0,,2025-09-30,見込み,
B,株式会社長瀬組,株式会社長瀬組,"商談あり（ステージ: ヒアリング, 未受注）",1,0,,2025-09-30,見込み,
B,矢作建築,矢作建築,"商談あり（ステージ: ヒアリング, 未受注）",1,0,,2025-09-29,見込み,
B,鹿島建設,鹿島建設,"商談あり（ステージ: ヒアリング, 未受注）",3,0,,2026-02-06,見込み,
B,大日本土木株式会社,大日本土木株式会社,"商談あり（ステージ: ヒアリング, 未受注）",2,0,,2025-09-29,見込み,
B,株式会社CVC,株式会社CVC,"商談あり（ステージ: ヒアリング, 未受注）",1,0,,2025-09-29,見込み,
B,三井住友建設株式会社,三井住友建設株式会社,"商談あり（ステージ: ヒアリング, 未受注）",1,0,,2025-09-29,見込み,
B,株式会社きんでん,株式会社きんでん,"商談あり（ステージ: ヒアリング, 未受注）",1,0,,2025-09-26,見込み,
B,JFEエンジニアリング株式会社,JFEエンジニアリング株式会社,"商談あり（ステージ: ヒアリング, 未受注）",2,0,,2025-09-26,見込み,
B,株式会社明正,株式会社明正,"商談あり（ステージ: ヒアリング, 未受注）",1,0,,2025-09-16,見込み,
B,不動建設株式会社,不動建設株式会社,"商談あり（ステージ: ヒアリング, 未受注）",2,0,,2026-03-03,見込み,
B,真柄建設,真柄建設,"商談あり（ステージ: リード獲得, 未受注）",1,0,,2025-09-16,見込み,
B,株式会社藤井建設,株式会社藤井建設,"商談あり（ステージ: リード獲得, 未受注）",1,0,,2025-09-12,見込み,
B,小塚装備,小塚装備,"商談あり（ステージ: ヒアリング, 未受注）",1,0,,2025-09-12,見込み,
B,徳倉建設,徳倉建設,"商談あり（ステージ: ヒアリング, 未受注）",4,0,,2026-03-12,見込み,
B,加藤・花井・河村JV,加藤・花井・河村JV,"商談あり（ステージ: ヒアリング, 未受注）",1,0,,2025-09-12,見込み,
B,伊藤工務店,伊藤工務店,"商談あり（ステージ: ヒアリング, 未受注）",1,0,,2025-09-12,見込み,
B,有限会社 安立塗装,有限会社 安立塗装,"商談あり（ステージ: リード獲得, 未受注）",1,0,,2025-09-12,見込み,
B,日東建設,日東建設,"商談あり（ステージ: ヒアリング, 未受注）",2,0,,2025-09-09,見込み,
B,服部工務店,服部工務店,"商談あり（ステージ: ヒアリング, 未受注）",1,0,,2025-09-09,見込み,
B,大和リース株式会社,大和リース株式会社,"商談あり（ステージ: ヒアリング, 未受注）",1,0,,2025-09-09,見込み,
B,成川建設,成川建設,"商談あり（ステージ: リード獲得, 未受注）",1,0,,2025-09-09,見込み,
B,タイガーハウス工業株式会社,タイガーハウス工業株式会社,"商談あり（ステージ: ヒアリング, 未受注）",1,0,,2025-09-02,見込み,
B,ショーボンド建設株式会社,ショーボンド建設株式会社,"商談あり（ステージ: ヒアリング, 未受注）",1,0,,2025-09-02,見込み,
B,戸田建設,戸田建設,"商談あり（ステージ: ヒアリング, 未受注）",1,0,,2025-09-02,見込み,
B,株式会社 宮本組,株式会社 宮本組,"商談あり（ステージ: リード獲得, 未受注）",1,0,,2025-09-02,見込み,
B,吉川建設株式会社,吉川建設株式会社,"商談あり（ステージ: ヒアリング, 未受注）",1,0,,2025-09-02,見込み,
B,アイトム建設,アイトム建設,"商談あり（ステージ: ヒアリング, 未受注）",1,0,,2025-09-02,見込み,
B,朝日工業株式会社,朝日工業株式会社,"商談あり（ステージ: リード獲得, 未受注）",2,0,,2026-02-26,見込み,
B,昱耕機株式会社,昱耕機株式会社,"商談あり（ステージ: リード獲得, 未受注）",1,0,,2025-08-29,見込み,
B,髙田建設株式会社,髙田建設株式会社,"商談あり（ステージ: ヒアリング, 未受注）",2,0,,2026-01-29,見込み,
B,メタウォーター株式会社,メタウォーター株式会社,"商談あり（ステージ: ヒアリング, 未受注）",1,0,,2025-08-29,見込み,
B,大宗建設株式会社,大宗建設株式会社,"商談あり（ステージ: ヒアリング, 未受注）",2,0,,2025-08-29,見込み,
B,ニッセツ株式会社,ニッセツ株式会社,"商談あり（ステージ: ヒアリング, 未受注）",1,0,,2025-08-29,見込み,
B,杉本組、サンリツ工業,杉本組、サンリツ工業,"商談あり（ステージ: ヒアリング, 未受注）",1,0,,2025-08-29,見込み,
B,IHIインフラシステム,IHIインフラシステム,"商談あり（ステージ: ヒアリング, 未受注）",1,0,,2025-08-26,見込み,
B,中日建設株式会社,中日建設株式会社,"商談あり（ステージ: ヒアリング, 未受注）",1,0,,2025-08-26,見込み,
B,五洋建設,五洋建設,"商談あり（ステージ: ヒアリング, 未受注）",1,0,,2025-08-26,見込み,
B,若築建設株式会社,若築建設株式会社,"商談あり（ステージ: ヒアリング, 未受注）",1,0,,2025-08-22,見込み,
B,富山建設株式会社,富山建設株式会社,"商談あり（ステージ: ヒアリング, 未受注）",1,0,,2025-08-22,見込み,
B,鈴中工業,鈴中工業,"商談あり（ステージ: ヒアリング, 未受注）",1,0,,2025-08-22,見込み,
B,五洋建設株式会社名古屋支店,五洋建設株式会社名古屋支店,"商談あり（ステージ: ヒアリング, 未受注）",1,0,,2025-08-22,見込み,
B,大豊建設株式会社,大豊建設株式会社,"商談あり（ステージ: ヒアリング, 未受注）",1,0,,2025-08-19,見込み,
B,株式会社原田工務店,株式会社原田工務店,"商談あり（ステージ: ヒアリング, 未受注）",1,0,,2025-08-19,見込み,
B,HONJO株式会社,HONJO株式会社,"商談あり（ステージ: ヒアリング, 未受注）",1,0,,2025-08-19,見込み,
B,塩浜工業,塩浜工業,"商談あり（ステージ: ヒアリング, 未受注）",1,0,,2025-08-18,見込み,
B,株式会社フジタ,株式会社フジタ,"商談あり（ステージ: ヒアリング, 未受注）",1,0,,2025-08-05,見込み,
B,川北電気工業株式会社,川北電気工業株式会社,"商談あり（ステージ: リード獲得, 未受注）",1,0,,2025-08-05,見込み,
B,滝藤建設株式会社,滝藤建設株式会社,"商談あり（ステージ: リード獲得, 未受注）",1,0,,2025-08-05,見込み,
B,淺沼組,淺沼組,"商談あり（ステージ: リード獲得, 未受注）",1,0,,2025-08-05,見込み,
B,株式会社リョーケン,株式会社リョーケン,"商談あり（ステージ: ヒアリング, 未受注）",2,0,,2026-01-30,見込み,
B,株式会社中村組,株式会社中村組,"商談あり（ステージ: リード獲得, 未受注）",2,0,,2026-02-06,見込み,
B,丸谷建設株式会社,丸谷建設株式会社,"商談あり（ステージ: ヒアリング, 未受注）",2,0,,2026-01-23,見込み,
B,長谷川コーポレーション,長谷川コーポレーション,"商談あり（ステージ: リード獲得, 未受注）",1,0,,2025-08-01,見込み,
B,ベストインダストリー株式会社,ベストインダストリー株式会社,"商談あり（ステージ: ヒアリング, 未受注）",1,0,,2025-08-01,見込み,
B,高田建設株式会社,高田建設株式会社,"商談あり（ステージ: 不在, 未受注）",1,0,,2026-01-09,見込み,
B,株式会社イビソク,株式会社イビソク,"商談あり（ステージ: 不在, 未受注）",1,0,,2026-01-09,見込み,
B,加藤建設池田支店,加藤建設池田支店,"商談あり（ステージ: 不在, 未受注）",2,0,,2026-01-29,見込み,
B,株式会社久保田工務店,株式会社久保田工務店,"商談あり（ステージ: 不在, 未受注）",2,0,,2026-01-29,見込み,
B,黒柳建設株式会社,黒柳建設株式会社,"商談あり（ステージ: ヒアリング, 未受注）",1,0,,2026-01-15,見込み,
B,日本土建株式会社,日本土建株式会社,"商談あり（ステージ: 不在, 未受注）",1,0,,2026-01-16,見込み,
B,大同コンサルタンツ株式会社,大同コンサルタンツ株式会社,"商談あり（ステージ: ヒアリング, 未受注）",1,0,,2026-01-09,見込み,
B,松岡建設株式会社,松岡建設株式会社,"商談あり（ステージ: 不在, 未受注）",2,0,,2026-02-20,見込み,
B,水谷建設株式会社,水谷建設株式会社,"商談あり（ステージ: ヒアリング, 未受注）",1,0,,2026-01-23,見込み,
B,株式会社イソビク,株式会社イソビク,"商談あり（ステージ: ヒアリング, 未受注）",1,0,,2026-01-29,見込み,
B,加藤建設株式会社,加藤建設株式会社,"商談あり（ステージ: 不在, 未受注）",2,0,,2026-01-29,見込み,
B,岡田工業株式会社,岡田工業株式会社,"商談あり（ステージ: ヒアリング, 未受注）",2,0,,2026-02-06,見込み,
B,株式会社リョーケンホールディングス,株式会社リョーケンホールディングス,"商談あり（ステージ: ヒアリング, 未受注）",1,0,,2026-01-30,見込み,
B,株式会社中部測量設計,株式会社中部測量設計,"商談あり（ステージ: 不在, 未受注）",1,0,,2026-02-06,見込み,
B,永井組株式会社,永井組株式会社,"商談あり（ステージ: 不在, 未受注）",1,0,,2026-02-13,見込み,
B,株式会社きんそく,株式会社きんそく,"商談あり（ステージ: ヒアリング, 未受注）",2,0,,2026-03-12,見込み,
B,山一建設株式会社,山一建設株式会社,"商談あり（ステージ: 不在, 未受注）",1,0,,2026-02-20,見込み,
B,株式会社白鳳ホールディングス,株式会社白鳳ホールディングス,"商談あり（ステージ: 不在, 未受注）",1,0,,2026-02-20,見込み,
B,株式会社共栄建設,株式会社共栄建設,"商談あり（ステージ: 不在, 未受注）",1,0,,2026-02-20,見込み,
B,KI開発株式会社,KI開発株式会社,"商談あり（ステージ: ヒアリング, 未受注）",1,0,,2026-02-20,見込み,
B,マルト建設株式会社,マルト建設株式会社,"商談あり（ステージ: 不在, 未受注）",1,0,,2026-02-20,見込み,
B,早川都市開発株式会社,早川都市開発株式会社,"商談あり（ステージ: 不在, 未受注）",1,0,,2026-02-20,見込み,
B,近藤産興株式会社,近藤産興株式会社,"商談あり（ステージ: ヒアリング, 未受注）",1,0,,2026-02-20,見込み,
B,西尾レントール,西尾レントール,"商談あり（ステージ: 不在, 未受注）",1,0,,2026-02-24,見込み,
B,中日本コンサルタント,中日本コンサルタント,"商談あり（ステージ: 不在, 未受注）",1,0,,2026-02-24,見込み,
B,中一建設工業株式会社,中一建設工業株式会社,"商談あり（ステージ: ヒアリング, 未受注）",1,0,,2026-02-24,見込み,
B,近藤組,近藤組,"商談あり（ステージ: ヒアリング, 未受注）",1,0,,2026-02-24,見込み,
B,吉原建設,吉原建設,"商談あり（ステージ: 不在, 未受注）",1,0,,2026-02-26,見込み,
B,前田製作所,前田製作所,"商談あり（ステージ: ヒアリング, 未受注）",1,0,,2026-03-12,見込み,
C,山陽建設,山陽建設,問い合わせのみ（商談未進行）,0,0,,2026-03-12,見込み,
D,あおい建設コンサルタント 株式会社,あおい建設コンサルタント 株式会社,1年以上接点なし（商談なし）,0,0,,,未接触,"測量会社, 建設コンサル"
D,アジアコンサルタント 株式会社,アジアコンサルタント 株式会社,1年以上接点なし（商談なし）,0,0,,,未接触,"測量会社, 建設コンサル"
D,キュウメートル 株式会社,キュウメートル 株式会社,1年以上接点なし（商談なし）,0,0,,,未接触,"測量会社, 建設コンサル"
D,ギホク 株式会社,ギホク 株式会社,1年以上接点なし（商談なし）,0,0,,,未接触,測量会社
D,ジェイアール東海コンサルタンツ 株式会社,ジェイアール東海コンサルタンツ 株式会社,1年以上接点なし（商談なし）,0,0,,,未接触,測量会社
D,ダイエイコンサルタント 株式会社,ダイエイコンサルタント 株式会社,1年以上接点なし（商談なし）,0,0,,,未接触,"測量会社, 建設コンサル"
D,トータル測量設計 株式会社,トータル測量設計 株式会社,1年以上接点なし（商談なし）,0,0,,,未接触,測量会社
D,ニッセイ技術 株式会社,ニッセイ技術 株式会社,1年以上接点なし（商談なし）,0,0,,,未接触,測量会社
D,パブリック設計 株式会社,パブリック設計 株式会社,1年以上接点なし（商談なし）,0,0,,,未接触,建設コンサル
D,ビーム計画設計 株式会社,ビーム計画設計 株式会社,1年以上接点なし（商談なし）,0,0,,,未接触,建設コンサル
D,フジコンサルタント 株式会社,フジコンサルタント 株式会社,1年以上接点なし（商談なし）,0,0,,,未接触,測量会社
D,ミトモ開発 株式会社,ミトモ開発 株式会社,1年以上接点なし（商談なし）,0,0,,,未接触,測量会社
D,リード測量設計 株式会社,リード測量設計 株式会社,1年以上接点なし（商談なし）,0,0,,,未接触,測量会社
D,一般社団法人 三重県建設資材試験センター,一般社団法人 三重県建設資材試験センター,1年以上接点なし（商談なし）,0,0,,,未接触,建設コンサル
D,一般社団法人 地域問題研究所,一般社団法人 地域問題研究所,1年以上接点なし（商談なし）,0,0,,,未接触,建設コンサル
D,一般財団法人 岐阜県公衆衛生検査センター,一般財団法人 岐阜県公衆衛生検査センター,1年以上接点なし（商談なし）,0,0,,,未接触,"測量会社, 建設コンサル"
D,三城コンサルタント 株式会社,三城コンサルタント 株式会社,1年以上接点なし（商談なし）,0,0,,,未接触,"測量会社, 建設コンサル"
D,三翠建設コンサルタント 株式会社,三翠建設コンサルタント 株式会社,1年以上接点なし（商談なし）,0,0,,,未接触,建設コンサル
D,三鈴土木コンサルタント 株式会社,三鈴土木コンサルタント 株式会社,1年以上接点なし（商談なし）,0,0,,,未接触,測量会社
D,不地弘測量設計 株式会社,不地弘測量設計 株式会社,1年以上接点なし（商談なし）,0,0,,,未接触,測量会社
D,中勢森林組合,中勢森林組合,1年以上接点なし（商談なし）,0,0,,,未接触,測量会社
D,中央エンジニアリング 株式会社,中央エンジニアリング 株式会社,1年以上接点なし（商談なし）,0,0,,,未接触,"測量会社, 建設コンサル"
D,中央建コン 株式会社,中央建コン 株式会社,1年以上接点なし（商談なし）,0,0,,,未接触,測量会社
D,中日コンサルタント 株式会社,中日コンサルタント 株式会社,1年以上接点なし（商談なし）,0,0,,,未接触,建設コンサル
D,中日本タスク 株式会社,中日本タスク 株式会社,1年以上接点なし（商談なし）,0,0,,,未接触,建設コンサル
D,中日本建設コンサルタント 株式会社,中日本建設コンサルタント 株式会社,1年以上接点なし（商談なし）,0,0,,,未接触,測量会社
D,中日本高速技術マーケティング 株式会社,中日本高速技術マーケティング 株式会社,1年以上接点なし（商談なし）,0,0,,,未接触,建設コンサル
D,中本測量設計 株式会社,中本測量設計 株式会社,1年以上接点なし（商談なし）,0,0,,,未接触,測量会社
D,中部土地調査 株式会社,中部土地調査 株式会社,1年以上接点なし（商談なし）,0,0,,,未接触,測量会社
D,中部土木 株式会社,中部土木 株式会社,1年以上接点なし（商談なし）,0,0,,,未接触,測量会社
D,中部地域整備 株式会社,中部地域整備 株式会社,1年以上接点なし（商談なし）,0,0,,,未接触,建設コンサル
D,中部技巧 株式会社,中部技巧 株式会社,1年以上接点なし（商談なし）,0,0,,,未接触,測量会社
D,中部水工設計 株式会社,中部水工設計 株式会社,1年以上接点なし（商談なし）,0,0,,,未接触,"測量会社, 建設コンサル"
D,中部電力グランドワークス 株式会社,中部電力グランドワークス 株式会社,1年以上接点なし（商談なし）,0,0,,,未接触,測量会社
D,中部電気工業 株式会社,中部電気工業 株式会社,1年以上接点なし（商談なし）,0,0,,,未接触,測量会社
D,中野測量設計 株式会社,中野測量設計 株式会社,1年以上接点なし（商談なし）,0,0,,,未接触,測量会社
D,丸ス産業 株式会社,丸ス産業 株式会社,1年以上接点なし（商談なし）,0,0,,,未接触,"測量会社, 建設コンサル"
D,久松測量設計 株式会社,久松測量設計 株式会社,1年以上接点なし（商談なし）,0,0,,,未接触,測量会社
D,井上測量設計 株式会社,井上測量設計 株式会社,1年以上接点なし（商談なし）,0,0,,,未接触,測量会社
D,伸東測量設計 株式会社,伸東測量設計 株式会社,1年以上接点なし（商談なし）,0,0,,,未接触,"測量会社, 建設コンサル"
D,住宅地盤 株式会社,住宅地盤 株式会社,1年以上接点なし（商談なし）,0,0,,,未接触,測量会社
D,公益財団法人 豊田都市交通研究所,公益財団法人 豊田都市交通研究所,1年以上接点なし（商談なし）,0,0,,,未接触,建設コンサル
D,勢州建設 株式会社,勢州建設 株式会社,1年以上接点なし（商談なし）,0,0,,,未接触,測量会社
D,匠技術 株式会社,匠技術 株式会社,1年以上接点なし（商談なし）,0,0,,,未接触,建設コンサル
D,吉田測量設計 株式会社,吉田測量設計 株式会社,1年以上接点なし（商談なし）,0,0,,,未接触,建設コンサル
D,坂上建設 株式会社,坂上建設 株式会社,1年以上接点なし（商談なし）,0,0,,,未接触,測量会社
D,大井調査設計 株式会社,大井調査設計 株式会社,1年以上接点なし（商談なし）,0,0,,,未接触,測量会社
D,大共測量 株式会社,大共測量 株式会社,1年以上接点なし（商談なし）,0,0,,,未接触,測量会社
D,大山土木 株式会社,大山土木 株式会社,1年以上接点なし（商談なし）,0,0,,,未接触,測量会社
D,大建測量設計 株式会社,大建測量設計 株式会社,1年以上接点なし（商談なし）,0,0,,,未接触,"測量会社, 建設コンサル"
D,大有建設 株式会社,大有建設 株式会社,1年以上接点なし（商談なし）,0,0,,,未接触,建設コンサル
D,大紘ジオテクノ 株式会社,大紘ジオテクノ 株式会社,1年以上接点なし（商談なし）,0,0,,,未接触,建設コンサル
D,大鐘測量設計 株式会社,大鐘測量設計 株式会社,1年以上接点なし（商談なし）,0,0,,,未接触,"測量会社, 建設コンサル"
D,大高理工 株式会社,大高理工 株式会社,1年以上接点なし（商談なし）,0,0,,,未接触,"測量会社, 建設コンサル"
D,宇野重工 株式会社,宇野重工 株式会社,1年以上接点なし（商談なし）,0,0,,,未接触,建設コンサル
D,富士エンジニアリング 株式会社,富士エンジニアリング 株式会社,1年以上接点なし（商談なし）,0,0,,,未接触,建設コンサル
D,富士設計 株式会社,富士設計 株式会社,1年以上接点なし（商談なし）,0,0,,,未接触,"測量会社, 建設コンサル"
D,岐阜県森林組合連合会,岐阜県森林組合連合会,1年以上接点なし（商談なし）,0,0,,,未接触,建設コンサル
D,愛知玉野情報システム 株式会社,愛知玉野情報システム 株式会社,1年以上接点なし（商談なし）,0,0,,,未接触,測量会社
D,愛知県経済農業協同組合連合会,愛知県経済農業協同組合連合会,1年以上接点なし（商談なし）,0,0,,,未接触,建設コンサル
D,戸田測量設計 株式会社,戸田測量設計 株式会社,1年以上接点なし（商談なし）,0,0,,,未接触,測量会社
D,敷島測量設計 株式会社,敷島測量設計 株式会社,1年以上接点なし（商談なし）,0,0,,,未接触,測量会社
D,新三重技術開発 株式会社,新三重技術開発 株式会社,1年以上接点なし（商談なし）,0,0,,,未接触,"測量会社, 建設コンサル"
D,新晃コンサルタント 株式会社,新晃コンサルタント 株式会社,1年以上接点なし（商談なし）,0,0,,,未接触,"測量会社, 建設コンサル"
D,新栄測量設計 株式会社,新栄測量設計 株式会社,1年以上接点なし（商談なし）,0,0,,,未接触,測量会社
D,日技エンジニアリング 株式会社,日技エンジニアリング 株式会社,1年以上接点なし（商談なし）,0,0,,,未接触,"測量会社, 建設コンサル"
D,日本エルダルト 株式会社,日本エルダルト 株式会社,1年以上接点なし（商談なし）,0,0,,,未接触,建設コンサル
D,日本海洋調査 株式会社,日本海洋調査 株式会社,1年以上接点なし（商談なし）,0,0,,,未接触,測量会社
D,日本車輌製造 株式会社,日本車輌製造 株式会社,1年以上接点なし（商談なし）,0,0,,,未接触,建設コンサル
D,旭測量設計 株式会社,旭測量設計 株式会社,1年以上接点なし（商談なし）,0,0,,,未接触,測量会社
D,昭和設計 株式会社,昭和設計 株式会社,1年以上接点なし（商談なし）,0,0,,,未接触,測量会社
D,有限会社 アペオ技研,有限会社 アペオ技研,1年以上接点なし（商談なし）,0,0,,,未接触,測量会社
D,有限会社 二葉測量設計事務所,有限会社 二葉測量設計事務所,1年以上接点なし（商談なし）,0,0,,,未接触,建設コンサル
D,有限会社 信濃エンジニア,有限会社 信濃エンジニア,1年以上接点なし（商談なし）,0,0,,,未接触,建設コンサル
D,有限会社 協和測量設計,有限会社 協和測量設計,1年以上接点なし（商談なし）,0,0,,,未接触,測量会社
D,有限会社 大場測量設計事務所,有限会社 大場測量設計事務所,1年以上接点なし（商談なし）,0,0,,,未接触,"測量会社, 建設コンサル"
D,有限会社 大矢コンサルタント,有限会社 大矢コンサルタント,1年以上接点なし（商談なし）,0,0,,,未接触,"測量会社, 建設コンサル"
D,有限会社 東濃技研,有限会社 東濃技研,1年以上接点なし（商談なし）,0,0,,,未接触,測量会社
D,有限会社 沖下測量,有限会社 沖下測量,1年以上接点なし（商談なし）,0,0,,,未接触,建設コンサル
D,有限会社 渡辺測量事務所,有限会社 渡辺測量事務所,1年以上接点なし（商談なし）,0,0,,,未接触,建設コンサル
D,服部エンジニア 株式会社,服部エンジニア 株式会社,1年以上接点なし（商談なし）,0,0,,,未接触,測量会社
D,杉山コンサルタンツ 株式会社,杉山コンサルタンツ 株式会社,1年以上接点なし（商談なし）,0,0,,,未接触,"測量会社, 建設コンサル"
D,東亜測量設計 株式会社,東亜測量設計 株式会社,1年以上接点なし（商談なし）,0,0,,,未接触,"測量会社, 建設コンサル"
D,東和コンサルタント 株式会社,東和コンサルタント 株式会社,1年以上接点なし（商談なし）,0,0,,,未接触,"測量会社, 建設コンサル"
D,東和設計 株式会社,東和設計 株式会社,1年以上接点なし（商談なし）,0,0,,,未接触,測量会社
D,東洋測量設計 株式会社,東洋測量設計 株式会社,1年以上接点なし（商談なし）,0,0,,,未接触,測量会社
D,東海共立鋼業 株式会社,東海共立鋼業 株式会社,1年以上接点なし（商談なし）,0,0,,,未接触,建設コンサル
D,東海技術開発 株式会社,東海技術開発 株式会社,1年以上接点なし（商談なし）,0,0,,,未接触,"測量会社, 建設コンサル"
D,東静測量設計 株式会社,東静測量設計 株式会社,1年以上接点なし（商談なし）,0,0,,,未接触,"測量会社, 建設コンサル"
D,松下測量設計 株式会社,松下測量設計 株式会社,1年以上接点なし（商談なし）,0,0,,,未接触,測量会社
D,松野測量設計 株式会社,松野測量設計 株式会社,1年以上接点なし（商談なし）,0,0,,,未接触,測量会社
D,松阪鑿泉 株式会社,松阪鑿泉 株式会社,1年以上接点なし（商談なし）,0,0,,,未接触,建設コンサル
D,柴山コンサルタント 株式会社,柴山コンサルタント 株式会社,1年以上接点なし（商談なし）,0,0,,,未接触,建設コンサル
D,栄土地測量設計 株式会社,栄土地測量設計 株式会社,1年以上接点なし（商談なし）,0,0,,,未接触,"測量会社, 建設コンサル"
D,株式会社 あさひ,株式会社 あさひ,1年以上接点なし（商談なし）,0,0,,,未接触,測量会社
D,株式会社 あづま,株式会社 あづま,1年以上接点なし（商談なし）,0,0,,,未接触,"測量会社, 建設コンサル"
D,株式会社 つかもと,株式会社 つかもと,1年以上接点なし（商談なし）,0,0,,,未接触,"測量会社, 建設コンサル"
D,株式会社 アオイテック,株式会社 アオイテック,1年以上接点なし（商談なし）,0,0,,,未接触,建設コンサル
D,株式会社 アクア設計,株式会社 アクア設計,1年以上接点なし（商談なし）,0,0,,,未接触,測量会社
D,株式会社 アクシス,株式会社 アクシス,1年以上接点なし（商談なし）,0,0,,,未接触,建設コンサル
D,株式会社 アクセス,株式会社 アクセス,1年以上接点なし（商談なし）,0,0,,,未接触,測量会社
D,株式会社 アセント,株式会社 アセント,1年以上接点なし（商談なし）,0,0,,,未接触,建設コンサル
D,株式会社 アルダー環境設計室,株式会社 アルダー環境設計室,1年以上接点なし（商談なし）,0,0,,,未接触,建設コンサル
D,株式会社 アースシフト,株式会社 アースシフト,1年以上接点なし（商談なし）,0,0,,,未接触,測量会社
D,株式会社 アーバンエンジニアリング,株式会社 アーバンエンジニアリング,1年以上接点なし（商談なし）,0,0,,,未接触,測量会社
D,株式会社 ウインディーネットワーク,株式会社 ウインディーネットワーク,1年以上接点なし（商談なし）,0,0,,,未接触,"測量会社, 建設コンサル"
D,株式会社 エステム,株式会社 エステム,1年以上接点なし（商談なし）,0,0,,,未接触,建設コンサル
D,株式会社 エム・アイ,株式会社 エム・アイ,1年以上接点なし（商談なし）,0,0,,,未接触,測量会社
D,株式会社 エーシーイー名古屋,株式会社 エーシーイー名古屋,1年以上接点なし（商談なし）,0,0,,,未接触,測量会社
D,株式会社 オリンピアコンサルタント,株式会社 オリンピアコンサルタント,1年以上接点なし（商談なし）,0,0,,,未接触,測量会社
D,株式会社 カギテック,株式会社 カギテック,1年以上接点なし（商談なし）,0,0,,,商談中,"測量会社, 建設コンサル"
D,株式会社 カナエジオマチックス,株式会社 カナエジオマチックス,1年以上接点なし（商談なし）,0,0,,,接触済,建設コンサル
D,株式会社 カワセ測量設計,株式会社 カワセ測量設計,1年以上接点なし（商談なし）,0,0,,,未接触,建設コンサル
D,株式会社 キクトコーポレーション,株式会社 キクトコーポレーション,1年以上接点なし（商談なし）,0,0,,,未接触,測量会社
D,株式会社 グランドライン,株式会社 グランドライン,1年以上接点なし（商談なし）,0,0,,,未接触,測量会社
D,株式会社 グリーン,株式会社 グリーン,1年以上接点なし（商談なし）,0,0,,,未接触,"測量会社, 建設コンサル"
D,株式会社 ケイプロローグ,株式会社 ケイプロローグ,1年以上接点なし（商談なし）,0,0,,,未接触,建設コンサル
D,株式会社 ケイ・ビー・エム,株式会社 ケイ・ビー・エム,1年以上接点なし（商談なし）,0,0,,,未接触,測量会社
D,株式会社 コンチネンタル技建,株式会社 コンチネンタル技建,1年以上接点なし（商談なし）,0,0,,,未接触,測量会社
D,株式会社 サンウェイ,株式会社 サンウェイ,1年以上接点なし（商談なし）,0,0,,,未接触,測量会社
D,株式会社 シーテック,株式会社 シーテック,1年以上接点なし（商談なし）,0,0,,,未接触,建設コンサル
D,株式会社 シー・ディ・エス,株式会社 シー・ディ・エス,1年以上接点なし（商談なし）,0,0,,,未接触,測量会社
D,株式会社 ジオプラン,株式会社 ジオプラン,1年以上接点なし（商談なし）,0,0,,,未接触,測量会社
D,株式会社 ジットー,株式会社 ジットー,1年以上接点なし（商談なし）,0,0,,,未接触,測量会社
D,株式会社 ジーベック,株式会社 ジーベック,1年以上接点なし（商談なし）,0,0,,,未接触,"測量会社, 建設コンサル"
D,株式会社 スリード,株式会社 スリード,1年以上接点なし（商談なし）,0,0,,,未接触,測量会社
D,株式会社 スルガコンサル,株式会社 スルガコンサル,1年以上接点なし（商談なし）,0,0,,,未接触,"測量会社, 建設コンサル"
D,株式会社 セイワ都市開発,株式会社 セイワ都市開発,1年以上接点なし（商談なし）,0,0,,,未接触,測量会社
D,株式会社 セントラル開発,株式会社 セントラル開発,1年以上接点なし（商談なし）,0,0,,,未接触,測量会社
D,株式会社 ソクト,株式会社 ソクト,1年以上接点なし（商談なし）,0,0,,,未接触,測量会社
D,株式会社 タイセイ,株式会社 タイセイ,1年以上接点なし（商談なし）,0,0,,,未接触,測量会社
D,株式会社 ダイセキ環境ソリューション,株式会社 ダイセキ環境ソリューション,1年以上接点なし（商談なし）,0,0,,,未接触,建設コンサル
D,株式会社 ツルタコンサルタント,株式会社 ツルタコンサルタント,1年以上接点なし（商談なし）,0,0,,,未接触,"測量会社, 建設コンサル"
D,株式会社 テクノス電子企画,株式会社 テクノス電子企画,1年以上接点なし（商談なし）,0,0,,,未接触,建設コンサル
D,株式会社 トップエンジニア,株式会社 トップエンジニア,1年以上接点なし（商談なし）,0,0,,,未接触,"測量会社, 建設コンサル"
D,株式会社 トライ,株式会社 トライ,1年以上接点なし（商談なし）,0,0,,,未接触,測量会社
D,株式会社 ノダックスコーポレーション,株式会社 ノダックスコーポレーション,1年以上接点なし（商談なし）,0,0,,,未接触,測量会社
D,株式会社 ピット,株式会社 ピット,1年以上接点なし（商談なし）,0,0,,,未接触,"測量会社, 建設コンサル"
D,株式会社 メイトーテック,株式会社 メイトーテック,1年以上接点なし（商談なし）,0,0,,,未接触,測量会社
D,株式会社 メディア・クラフト,株式会社 メディア・クラフト,1年以上接点なし（商談なし）,0,0,,,未接触,測量会社
D,株式会社 ワーク設計,株式会社 ワーク設計,1年以上接点なし（商談なし）,0,0,,,未接触,測量会社
D,株式会社 三友測量,株式会社 三友測量,1年以上接点なし（商談なし）,0,0,,,未接触,測量会社
D,株式会社 三友調査設計,株式会社 三友調査設計,1年以上接点なし（商談なし）,0,0,,,未接触,測量会社
D,株式会社 三愛設計,株式会社 三愛設計,1年以上接点なし（商談なし）,0,0,,,未接触,"測量会社, 建設コンサル"
D,株式会社 三水,株式会社 三水,1年以上接点なし（商談なし）,0,0,,,未接触,測量会社
D,株式会社 三洋開発,株式会社 三洋開発,1年以上接点なし（商談なし）,0,0,,,未接触,"測量会社, 建設コンサル"
D,株式会社 三浦測量,株式会社 三浦測量,1年以上接点なし（商談なし）,0,0,,,未接触,測量会社
D,株式会社 三祐コンサルタンツ,株式会社 三祐コンサルタンツ,1年以上接点なし（商談なし）,0,0,,,未接触,測量会社
D,株式会社 三進,株式会社 三進,1年以上接点なし（商談なし）,0,0,,,未接触,測量会社
D,株式会社 三重中央コンサルタント,株式会社 三重中央コンサルタント,1年以上接点なし（商談なし）,0,0,,,未接触,建設コンサル
D,株式会社 三重新成コンサルタント,株式会社 三重新成コンサルタント,1年以上接点なし（商談なし）,0,0,,,未接触,"測量会社, 建設コンサル"
D,株式会社 中央工営,株式会社 中央工営,1年以上接点なし（商談なし）,0,0,,,未接触,測量会社
D,株式会社 中部テック,株式会社 中部テック,1年以上接点なし（商談なし）,0,0,,,未接触,"測量会社, 建設コンサル"
D,株式会社 中部ニューテック,株式会社 中部ニューテック,1年以上接点なし（商談なし）,0,0,,,未接触,測量会社
D,株式会社 中部森林技術コンサルタンツ,株式会社 中部森林技術コンサルタンツ,1年以上接点なし（商談なし）,0,0,,,未接触,建設コンサル
D,株式会社 中部構造コンサルタント,株式会社 中部構造コンサルタント,1年以上接点なし（商談なし）,0,0,,,未接触,測量会社
D,株式会社 中部綜合コンサルタント,株式会社 中部綜合コンサルタント,1年以上接点なし（商談なし）,0,0,,,未接触,"測量会社, 建設コンサル"
D,株式会社 中部ＥＥＮ,株式会社 中部ＥＥＮ,1年以上接点なし（商談なし）,0,0,,,接触済,建設コンサル
D,株式会社 光測量コンサルタント,株式会社 光測量コンサルタント,1年以上接点なし（商談なし）,0,0,,,未接触,測量会社
D,株式会社 共和コンサルタント,株式会社 共和コンサルタント,1年以上接点なし（商談なし）,0,0,,,未接触,"測量会社, 建設コンサル"
D,株式会社 共栄コンサルタント,株式会社 共栄コンサルタント,1年以上接点なし（商談なし）,0,0,,,未接触,"測量会社, 建設コンサル"
D,株式会社 内田建設,株式会社 内田建設,1年以上接点なし（商談なし）,0,0,,,未接触,測量会社
D,株式会社 創信,株式会社 創信,1年以上接点なし（商談なし）,0,0,,,未接触,"測量会社, 建設コンサル"
D,株式会社 創建,株式会社 創建,1年以上接点なし（商談なし）,0,0,,,未接触,建設コンサル
D,株式会社 加地工務店,株式会社 加地工務店,1年以上接点なし（商談なし）,0,0,,,未接触,測量会社
D,株式会社 北斗エス・イー・シー,株式会社 北斗エス・イー・シー,1年以上接点なし（商談なし）,0,0,,,未接触,"測量会社, 建設コンサル"
D,株式会社 北辰測量設計,株式会社 北辰測量設計,1年以上接点なし（商談なし）,0,0,,,未接触,建設コンサル
D,株式会社 協和工務店,株式会社 協和工務店,1年以上接点なし（商談なし）,0,0,,,未接触,"測量会社, 建設コンサル"
D,株式会社 南出測量設計,株式会社 南出測量設計,1年以上接点なし（商談なし）,0,0,,,未接触,測量会社
D,株式会社 南山建設,株式会社 南山建設,1年以上接点なし（商談なし）,0,0,,,未接触,測量会社
D,株式会社 名北総合技研,株式会社 名北総合技研,1年以上接点なし（商談なし）,0,0,,,未接触,"測量会社, 建設コンサル"
D,株式会社 名古屋建設エンジニアリング,株式会社 名古屋建設エンジニアリング,1年以上接点なし（商談なし）,0,0,,,未接触,測量会社
D,株式会社 土屋測量設計,株式会社 土屋測量設計,1年以上接点なし（商談なし）,0,0,,,未接触,"測量会社, 建設コンサル"
D,株式会社 地域まちづくり研究所,株式会社 地域まちづくり研究所,1年以上接点なし（商談なし）,0,0,,,未接触,建設コンサル
D,株式会社 地域コンサルタント,株式会社 地域コンサルタント,1年以上接点なし（商談なし）,0,0,,,未接触,"測量会社, 建設コンサル"
D,株式会社 基土木設計事務所,株式会社 基土木設計事務所,1年以上接点なし（商談なし）,0,0,,,未接触,建設コンサル
D,株式会社 堀場コンサルタント,株式会社 堀場コンサルタント,1年以上接点なし（商談なし）,0,0,,,未接触,測量会社
D,株式会社 大和地質,株式会社 大和地質,1年以上接点なし（商談なし）,0,0,,,未接触,"測量会社, 建設コンサル"
D,株式会社 大地コンサルタント,株式会社 大地コンサルタント,1年以上接点なし（商談なし）,0,0,,,未接触,建設コンサル
D,株式会社 大場上下水道設計,株式会社 大場上下水道設計,1年以上接点なし（商談なし）,0,0,,,未接触,"測量会社, 建設コンサル"
D,株式会社 大建コンサルタント,株式会社 大建コンサルタント,1年以上接点なし（商談なし）,0,0,,,未接触,"測量会社, 建設コンサル"
D,株式会社 大測,株式会社 大測,1年以上接点なし（商談なし）,0,0,,,未接触,測量会社
D,株式会社 大興計測技術,株式会社 大興計測技術,1年以上接点なし（商談なし）,0,0,,,未接触,"測量会社, 建設コンサル"
D,株式会社 太紀企画,株式会社 太紀企画,1年以上接点なし（商談なし）,0,0,,,未接触,測量会社
D,株式会社 太陽建設コンサルタント,株式会社 太陽建設コンサルタント,1年以上接点なし（商談なし）,0,0,,,未接触,"測量会社, 建設コンサル"
D,株式会社 太陽機構,株式会社 太陽機構,1年以上接点なし（商談なし）,0,0,,,未接触,建設コンサル
D,株式会社 奥平測量設計事務所,株式会社 奥平測量設計事務所,1年以上接点なし（商談なし）,0,0,,,未接触,"測量会社, 建設コンサル"
D,株式会社 宇井測量設計,株式会社 宇井測量設計,1年以上接点なし（商談なし）,0,0,,,未接触,測量会社
D,株式会社 小林設計事務所,株式会社 小林設計事務所,1年以上接点なし（商談なし）,0,0,,,未接触,建設コンサル
D,株式会社 山中工務店,株式会社 山中工務店,1年以上接点なし（商談なし）,0,0,,,未接触,測量会社
D,株式会社 山双,株式会社 山双,1年以上接点なし（商談なし）,0,0,,,未接触,測量会社
D,株式会社 山本エンジニアリング,株式会社 山本エンジニアリング,1年以上接点なし（商談なし）,0,0,,,未接触,測量会社
D,株式会社 岐阜ソイルコンサルタント,株式会社 岐阜ソイルコンサルタント,1年以上接点なし（商談なし）,0,0,,,未接触,建設コンサル
D,株式会社 岩崎設計事務所,株式会社 岩崎設計事務所,1年以上接点なし（商談なし）,0,0,,,未接触,建設コンサル
D,株式会社 建友,株式会社 建友,1年以上接点なし（商談なし）,0,0,,,未接触,建設コンサル
D,株式会社 建設コンサルタントセンター,株式会社 建設コンサルタントセンター,1年以上接点なし（商談なし）,0,0,,,未接触,"測量会社, 建設コンサル"
D,株式会社 愛太事務所,株式会社 愛太事務所,1年以上接点なし（商談なし）,0,0,,,未接触,測量会社
D,株式会社 愛龍設計事務所,株式会社 愛龍設計事務所,1年以上接点なし（商談なし）,0,0,,,未接触,測量会社
D,株式会社 技研オガワ,株式会社 技研オガワ,1年以上接点なし（商談なし）,0,0,,,未接触,測量会社
D,株式会社 技研測量,株式会社 技研測量,1年以上接点なし（商談なし）,0,0,,,未接触,"測量会社, 建設コンサル"
D,株式会社 拓工,株式会社 拓工,1年以上接点なし（商談なし）,0,0,,,未接触,"測量会社, 建設コンサル"
D,株式会社 新和建設コンサルタント,株式会社 新和建設コンサルタント,1年以上接点なし（商談なし）,0,0,,,未接触,測量会社
D,株式会社 新生工務,株式会社 新生工務,1年以上接点なし（商談なし）,0,0,,,未接触,測量会社
D,株式会社 日新ブリッジエンジニアリング,株式会社 日新ブリッジエンジニアリング,1年以上接点なし（商談なし）,0,0,,,未接触,建設コンサル
D,株式会社 日本地理コンサルタント,株式会社 日本地理コンサルタント,1年以上接点なし（商談なし）,0,0,,,未接触,"測量会社, 建設コンサル"
D,株式会社 日進,株式会社 日進,1年以上接点なし（商談なし）,0,0,,,未接触,測量会社
D,株式会社 明和プラテック,株式会社 明和プラテック,1年以上接点なし（商談なし）,0,0,,,未接触,"測量会社, 建設コンサル"
D,株式会社 服部組,株式会社 服部組,1年以上接点なし（商談なし）,0,0,,,未接触,建設コンサル
D,株式会社 朝日土質設計コンサルタント,株式会社 朝日土質設計コンサルタント,1年以上接点なし（商談なし）,0,0,,,未接触,"測量会社, 建設コンサル"
D,株式会社 杉山設計事務所,株式会社 杉山設計事務所,1年以上接点なし（商談なし）,0,0,,,未接触,建設コンサル
D,株式会社 東日,株式会社 東日,1年以上接点なし（商談なし）,0,0,,,未接触,"測量会社, 建設コンサル"
D,株式会社 東海エンジニアリング,株式会社 東海エンジニアリング,1年以上接点なし（商談なし）,0,0,,,未接触,測量会社
D,株式会社 東海コンサルタンツ,株式会社 東海コンサルタンツ,1年以上接点なし（商談なし）,0,0,,,未接触,建設コンサル
D,株式会社 東海プランニング,株式会社 東海プランニング,1年以上接点なし（商談なし）,0,0,,,未接触,"測量会社, 建設コンサル"
D,株式会社 東海共同測量設計コンサルタント,株式会社 東海共同測量設計コンサルタント,1年以上接点なし（商談なし）,0,0,,,未接触,"測量会社, 建設コンサル"
D,株式会社 東海環境エンジニア,株式会社 東海環境エンジニア,1年以上接点なし（商談なし）,0,0,,,未接触,測量会社
D,株式会社 松井測量設計事務所,株式会社 松井測量設計事務所,1年以上接点なし（商談なし）,0,0,,,未接触,"測量会社, 建設コンサル"
D,株式会社 松和技研,株式会社 松和技研,1年以上接点なし（商談なし）,0,0,,,未接触,"測量会社, 建設コンサル"
D,株式会社 林事務所,株式会社 林事務所,1年以上接点なし（商談なし）,0,0,,,未接触,測量会社
D,株式会社 柴山事務所,株式会社 柴山事務所,1年以上接点なし（商談なし）,0,0,,,未接触,測量会社
D,株式会社 栄和コンサルタント,株式会社 栄和コンサルタント,1年以上接点なし（商談なし）,0,0,,,未接触,"測量会社, 建設コンサル"
D,株式会社 森事務所,株式会社 森事務所,1年以上接点なし（商談なし）,0,0,,,未接触,測量会社
D,株式会社 殿村,株式会社 殿村,1年以上接点なし（商談なし）,0,0,,,未接触,"測量会社, 建設コンサル"
D,株式会社 滝口測量設計,株式会社 滝口測量設計,1年以上接点なし（商談なし）,0,0,,,未接触,"測量会社, 建設コンサル"
D,株式会社 環境アセスメントセンター,株式会社 環境アセスメントセンター,1年以上接点なし（商談なし）,0,0,,,未接触,"測量会社, 建設コンサル"
D,株式会社 環境設計,株式会社 環境設計,1年以上接点なし（商談なし）,0,0,,,未接触,測量会社
D,株式会社 用地調査,株式会社 用地調査,1年以上接点なし（商談なし）,0,0,,,未接触,測量会社
D,株式会社 田原コンサルタント,株式会社 田原コンサルタント,1年以上接点なし（商談なし）,0,0,,,未接触,測量会社
D,株式会社 白山測量,株式会社 白山測量,1年以上接点なし（商談なし）,0,0,,,未接触,測量会社
D,株式会社 白岩設計,株式会社 白岩設計,1年以上接点なし（商談なし）,0,0,,,未接触,建設コンサル
D,株式会社 相和コンサルタント,株式会社 相和コンサルタント,1年以上接点なし（商談なし）,0,0,,,未接触,測量会社
D,株式会社 石田技術コンサルタンツ,株式会社 石田技術コンサルタンツ,1年以上接点なし（商談なし）,0,0,,,未接触,"測量会社, 建設コンサル"
D,株式会社 神田設計,株式会社 神田設計,1年以上接点なし（商談なし）,0,0,,,未接触,"測量会社, 建設コンサル"
D,株式会社 第一シーアンドシー,株式会社 第一シーアンドシー,1年以上接点なし（商談なし）,0,0,,,未接触,測量会社
D,株式会社 第一設計,株式会社 第一設計,1年以上接点なし（商談なし）,0,0,,,未接触,建設コンサル
D,株式会社 美里工業,株式会社 美里工業,1年以上接点なし（商談なし）,0,0,,,未接触,測量会社
D,株式会社 興和調査設計,株式会社 興和調査設計,1年以上接点なし（商談なし）,0,0,,,未接触,測量会社
D,株式会社 華陽コンサルタント,株式会社 華陽コンサルタント,1年以上接点なし（商談なし）,0,0,,,未接触,建設コンサル
D,株式会社 葵エンジニアリング,株式会社 葵エンジニアリング,1年以上接点なし（商談なし）,0,0,,,未接触,測量会社
D,株式会社 葵設計事務所,株式会社 葵設計事務所,1年以上接点なし（商談なし）,0,0,,,未接触,"測量会社, 建設コンサル"
D,株式会社 蓮池設計,株式会社 蓮池設計,1年以上接点なし（商談なし）,0,0,,,未接触,"測量会社, 建設コンサル"
D,株式会社 西三河都市計画,株式会社 西三河都市計画,1年以上接点なし（商談なし）,0,0,,,未接触,建設コンサル
D,株式会社 都市研究所スペーシア,株式会社 都市研究所スペーシア,1年以上接点なし（商談なし）,0,0,,,未接触,建設コンサル
D,株式会社 酒井設計事務所,株式会社 酒井設計事務所,1年以上接点なし（商談なし）,0,0,,,未接触,測量会社
D,株式会社 野田コンサルタント,株式会社 野田コンサルタント,1年以上接点なし（商談なし）,0,0,,,未接触,"測量会社, 建設コンサル"
D,株式会社 鈴木工務所,株式会社 鈴木工務所,1年以上接点なし（商談なし）,0,0,,,未接触,測量会社
D,株式会社 鈴鹿,株式会社 鈴鹿,1年以上接点なし（商談なし）,0,0,,,未接触,建設コンサル
D,株式会社 静岡サン設計,株式会社 静岡サン設計,1年以上接点なし（商談なし）,0,0,,,未接触,"測量会社, 建設コンサル"
D,株式会社 静環検査センター,株式会社 静環検査センター,1年以上接点なし（商談なし）,0,0,,,未接触,"測量会社, 建設コンサル"
D,株式会社 須藤事務所,株式会社 須藤事務所,1年以上接点なし（商談なし）,0,0,,,未接触,測量会社
D,株式会社 飛州コンサルタント,株式会社 飛州コンサルタント,1年以上接点なし（商談なし）,0,0,,,未接触,測量会社
D,株式会社 飛建測量企画,株式会社 飛建測量企画,1年以上接点なし（商談なし）,0,0,,,未接触,測量会社
D,株式会社 駿河調査設計,株式会社 駿河調査設計,1年以上接点なし（商談なし）,0,0,,,未接触,"測量会社, 建設コンサル"
D,株式会社 高陽測量設計事務所,株式会社 高陽測量設計事務所,1年以上接点なし（商談なし）,0,0,,,未接触,測量会社
D,株式会社 ＦＢＪコンサルタント,株式会社 ＦＢＪコンサルタント,1年以上接点なし（商談なし）,0,0,,,未接触,測量会社
D,株式会社 Ｊ－Ｔａｐ,株式会社 Ｊ－Ｔａｐ,1年以上接点なし（商談なし）,0,0,,,未接触,測量会社
D,株式会社 Ｊ．ａｃｅ,株式会社 Ｊ．ａｃｅ,1年以上接点なし（商談なし）,0,0,,,未接触,測量会社
D,株式会社 ＭＮコンサルタント,株式会社 ＭＮコンサルタント,1年以上接点なし（商談なし）,0,0,,,未接触,"測量会社, 建設コンサル"
D,株式会社 ＭＳＳ,株式会社 ＭＳＳ,1年以上接点なし（商談なし）,0,0,,,未接触,測量会社
D,株式会社 ＴＯＮＺＡＫＯデザイン,株式会社 ＴＯＮＺＡＫＯデザイン,1年以上接点なし（商談なし）,0,0,,,未接触,建設コンサル
D,株式会社 ＵＮＳ,株式会社 ＵＮＳ,1年以上接点なし（商談なし）,0,0,,,未接触,測量会社
D,桔梗測量設計 株式会社,桔梗測量設計 株式会社,1年以上接点なし（商談なし）,0,0,,,未接触,"測量会社, 建設コンサル"
D,正和測量設計 株式会社,正和測量設計 株式会社,1年以上接点なし（商談なし）,0,0,,,未接触,測量会社
D,瀧上工業 株式会社,瀧上工業 株式会社,1年以上接点なし（商談なし）,0,0,,,未接触,建設コンサル
D,瀧上建設興業 株式会社,瀧上建設興業 株式会社,1年以上接点なし（商談なし）,0,0,,,未接触,建設コンサル
D,田内測量設計 株式会社,田内測量設計 株式会社,1年以上接点なし（商談なし）,0,0,,,未接触,測量会社
D,穂積建設 株式会社,穂積建設 株式会社,1年以上接点なし（商談なし）,0,0,,,未接触,測量会社
D,竹内測量設計 株式会社,竹内測量設計 株式会社,1年以上接点なし（商談なし）,0,0,,,未接触,"測量会社, 建設コンサル"
D,綜合開発技研 株式会社,綜合開発技研 株式会社,1年以上接点なし（商談なし）,0,0,,,未接触,測量会社
D,若鈴コンサルタンツ 株式会社,若鈴コンサルタンツ 株式会社,1年以上接点なし（商談なし）,0,0,,,未接触,測量会社
D,蔦井 株式会社,蔦井 株式会社,1年以上接点なし（商談なし）,0,0,,,未接触,建設コンサル
D,赤井測量設計 株式会社,赤井測量設計 株式会社,1年以上接点なし（商談なし）,0,0,,,未接触,測量会社
D,金子工業 株式会社,金子工業 株式会社,1年以上接点なし（商談なし）,0,0,,,未接触,測量会社
D,鈴木設計 株式会社,鈴木設計 株式会社,1年以上接点なし（商談なし）,0,0,,,未接触,"測量会社, 建設コンサル"
D,静岡コンサルタント 株式会社,静岡コンサルタント 株式会社,1年以上接点なし（商談なし）,0,0,,,未接触,測量会社
D,静岡測量 株式会社,静岡測量 株式会社,1年以上接点なし（商談なし）,0,0,,,未接触,測量会社
D,静岡県土地改良事業団体連合会,静岡県土地改良事業団体連合会,1年以上接点なし（商談なし）,0,0,,,未接触,建設コンサル
D,鵜飼計測 株式会社,鵜飼計測 株式会社,1年以上接点なし（商談なし）,0,0,,,未接触,測量会社
D,ＣＳＧコンサルタント 株式会社,ＣＳＧコンサルタント 株式会社,1年以上接点なし（商談なし）,0,0,,,未接触,測量会社
D,Ｄ－ＦＲＯＮＴＩＥＲ 株式会社,Ｄ－ＦＲＯＮＴＩＥＲ 株式会社,1年以上接点なし（商談なし）,0,0,,,未接触,建設コンサル
D,ＫＩ開発 株式会社,ＫＩ開発 株式会社,1年以上接点なし（商談なし）,0,0,,,未接触,測量会社
D,ＮＴＣコンサルタンツ 株式会社,ＮＴＣコンサルタンツ 株式会社,1年以上接点なし（商談なし）,0,0,,,未接触,測量会社
D,ＲＢコンサルタント 株式会社,ＲＢコンサルタント 株式会社,1年以上接点なし（商談なし）,0,0,,,未接触,建設コンサル
D,ＴＯＴＡＬＭＡＳＴＥＲＳ 株式会社,ＴＯＴＡＬＭＡＳＴＥＲＳ 株式会社,1年以上接点なし（商談なし）,0,0,,,未接触,測量会社
D,不明,,1年以上接点なし（商談なし）,0,0,,,未接触,
D,テスト,テスト,1年以上接点なし（商談なし）,0,0,,,見込み,
D,土屋株式会社,土屋株式会社,1年以上接点なし（商談なし）,0,0,,,見込み,
